row_name,Aatrox,Ahri,Akali,Akshan,Alistar,Amumu,Anivia,Annie,Aphelios,Ashe,Azir,Bard,Belveth,Blitzcrank,Braum,Brand,Caitlyn,Camille,Cassiopeia,Chogath,Corki,Darius,Diana,DrMundo,Draven,Ekko,Elise,Evelynn,Ezreal,FiddleSticks,Fiora,Fizz,Galio,Gangplank,Garen,Gnar,Gragas,Graves,Gwen,Hecarim,Heimerdinger,Illaoi,Irelia,Ivern,Janna,JarvanIV,Jax,Jayce,Jhin,Jinx,Kaisa,Kalista,Karma,Karthus,Kassadin,Katarina,Kayn,Kayle,Kennen,Khazix,Kindred,Kled,KogMaw,Leblanc,LeeSin,Leona,Lillia,Lissandra,Lucian,Lulu,Lux,Malzahar,Malphite,Maokai,MasterYi,MissFortune,MonkeyKing,Morgana,Mordekaiser,Nami,Nasus,Nautilus,Neeko,Nidalee,Nilah,Nocturne,Nunu,Orianna,Ornn,Pantheon,Poppy,Pyke,Qiyana,Quinn,Rakan,Rammus,RekSai,Rell,Renata,Rengar,Renekton,Riven,Rumble,Ryze,Samira,Sejuani,Senna,Seraphine,Sett,Shaco,Shen,Shyvana,Singed,Sion,Sivir,Skarner,Sona,Soraka,Swain,Sylas,Syndra,TahmKench,Talon,Taliyah,Taric,Teemo,Thresh,Tristana,Trundle,Tryndamere,Twitch,TwistedFate,Udyr,Urgot,Varus,Vayne,Veigar,Velkoz,Vex,Vi,Viego,Viktor,Vladimir,Volibear,Warwick,Xayah,Xerath,XinZhao,Yasuo,Yone,Yorick,Yuumi,Zac,Zed,Zeri,Ziggs,Zilean,Zoe,Zyra
Aatrox
Ahri,1/1,,,,,1/1,,,,,,,,1/1,,,1/1,,,,,,1/1,,1/1,,,,,1/1,,,,,1/1,,,1/1,,,,,,,,,,,1/1,1/1,1/1,,,,,,1/1,,,,,,,,,1/1,,,,,1/1,,,1/1,,1/1,,,,1/1,1/1,,,,,,,,,1/1,1/1,,,,,,,1/1,1/1,,,,,,,,,,1/1,1/1,,,,,,,,,,,,1/1,,,,1/1,,1/1,,1/1,,,,,1/1,1/1,,,,,,,,1/1,1/1,,,,,1/1,,,,,,,,,
Akali,,,,1/1,,1/1,,,1/1,1/1,,1/1,,1/1,,1/1,1/1,,,,,1/1,,,,,1/1,,,1/1,,,,1/1,1/1,,,1/1,,,,,,,1/1,,,,1/1,,1/1,,,1/1,,,1/1,1/1,,,,,,,,,,1/1,1/1,,1/1,1/1,,1/1,,1/1,1/1,1/1,,1/1,,,,,,,1/1,,1/1,1/1,,,,,,1/1,,,,,,,,,,,,,1/1,,,,,,1/1,,,,1/1,,,,,,1/1,,,,1/1,,,,1/1,,,1/1,,,1/1,,,,,1/1,,,,,1/1,,,1/1,,,,,1/1,1/1,
Akshan,,,1/1,,,1/1,,,,1/1,,,,,,,,,,,,,,,,,,,,,,,,,,,,1/1,,,,,,,1/1,,,,,,1/1,,,,,,,,,,,,,,,,,,,,1/1,1/1,,,,,,,,,,,,,,,,,,,,1/1,,,,1/1,,,,,,,,,,,,,,,,,,,1/1,,,,1/1,1/1,,,,,,,1/1,,,,,1/1,,,,,1/1,,1/1,,,,,1/1,,,,1/1,,,,,,,,,,,
Alistar,,,,,,,,,,,,,,,,,,,,,,,,,,,,,,,,,,,,,,,,,,,,,,,,,,,,1/1,,,,,,1/1,,,,,,,,,,,,,,,,,1/1,,,1/1,,,,,,,1/1,,,,,,,,,1/1,,,,,,,,,,1/1,1/1,,,,,,,,,,,,,,,,,,,,1/1,,,,,,,,1/1,,,,,,,,,1/1,,,1/1,,,1/1,1/1,,,,,,,,,,
Amumu,1/1,1/1,1/1,1/1,,,,,,,,,,,,1/1,1/1,,,,1/1,,,,1/1,,,,1/1,1/1,,,,,1/1,1/1,,1/1,,,,,,,1/1,,,,1/1,,1/1,,,,,1/1,1/1,,,1/1,,,,,,,,,1/1,1/1,,1/1,1/1,,,1/1,1/1,1/1,,,,,,,,,,,,,,,1/1,,,,,,,,,,,,,,1/1,,1/1,1/1,1/1,,,,1/1,,,,,,1/1,,,,,,,1/1,,,,,1/1,,,,,,1/1,,,1/1,,,,,,,,,1/1,1/1,,,,,,,
Anivia,,,,,,,,,1/1,1/1,,,,,,,1/1,,,,,1/1,,,,,,,,1/1,,,,1/1,,,1/1,,,,,1/1,,,1/1,,,1/1,,,,1/1,,,,,1/1,1/1,,,1/1,,1/1,,,,,,1/1,1/1,1/1,,,,1/1,,,1/1,,,,,,,,,,,,,,1/1,,,,,,,1/1,1/1,,,,,1/1,,,,,,,,,,1/1,1/1,,1/1,1/1,,,,,,,1/1,,,,,,,1/1,,,,1/1,,,,1/1,,,1/1,,,,1/1,,,,,,,,,,,1/1
Annie,,,,,,,,,,,,,,,,,,,,1/1,,,,,,,,,,,,,,,,,,,,,1/1,,,,,,1/1,,,1/1,1/1,,,,,,,,,,,,,,,,,,,,1/1,,,,1/1,,,,,,,,,,,,,,,,,,,,,,,,,,1/1,,,,,,,,,,,,,,,,,,,,,,,,,,1/1,,,,,,,,,,,,,,,,,,,,,,1/1,,,,,,,,,,
Aphelios,,,1/1,,,,1/1,,,,,,1/1,,,,,,,,,1/1,,,,,,,,,,,,,,,,,,,,,1/1,,1/1,,,1/1,,,,,,,,,,,,,,,,1/1,1/1,,,,,,,1/1,,1/1,,,,,,,,1/1,,,,,,,,,,,,,,1/1,,,,,,,,,,,,,,,,,,,,,1/1,,,,,,,1/1,1/1,,,,,,,,,,,,,,,,,,,1/1,,,,1/1,,,,,,,,,,,
Ashe,,,1/1,1/1,,,1/1,,,,,1/1,,,,,1/1,,,1/1,,1/1,,,,1/1,,,1/1,,,1/1,,,1/1,,,,,1/1,,,1/1,,1/1,,1/1,,,,1/1,,,1/1,,1/1,1/1,,,,1/1,,,,,,1/1,,,1/1,1/1,,1/1,1/1,1/1,1/1,1/1,,,1/1,,,,,,,1/1,,1/1,,,1/1,,,1/1,1/1,,,1/1,1/1,,,,,,1/1,1/1,,1/1,1/1,,,1/1,,1/1,,1/1,1/1,1/1,1/1,,,,1/1,1/1,,1/1,,1/1,1/1,1/1,1/1,1/1,1/1,,,,,1/1,,1/1,,,1/1,,,,1/1,1/1,1/1,1/1,1/1,,1/1,,,1/1,,
Azir,,,,,,,,,,,,,1/1,,,,,,,,,,,,1/1,,,,,,1/1,,,,1/1,,,,,,,,,,,,,,1/1,,,,,,,,,,1/1,,,1/1,,,1/1,,,,,,,,,1/1,,1/1,,,,,,,,,,,,,1/1,1/1,,,,,,,,1/1,1/1,,,,,,,,1/1,1/1,,1/1,,,,,,,1/1,1/1,1/1,,,1/1,,,1/1,,,,1/1,,1/1,1/1,,,,,,,,,1/1,,,,,,,1/1,1/1,,,1/1,,,,,,,
Bard,1/1,,1/1,,,,,,,1/1,,,,,,,1/1,,,,,,1/1,,,,,,1/1,,1/1,,,1/1,,,,1/1,,,,,1/1,,,,,,,,1/1,,,,,,1/1,,,,,,,,,,1/1,,,,1/1,,,1/1,,1/1,1/1,,,,,,,,,,,,,,,,,,,,,,,,,,,,,,,,,,,,,,,,,,,,,,,,,,,,,,1/1,,,,,,,,,,,1/1,,1/1,1/1,,,,,,1/1,,1/1,1/1,,,,,
Belveth,1/1,,,,,,,,1/1,,1/1,,,,,1/1,1/1,,,1/1,,1/1,,,1/1,,,,1/1,,,,,1/1,1/1,,,,1/1,,,,1/1,,1/1,,1/1,1/1,1/1,,1/1,1/1,1/1,,1/1,1/1,,1/1,1/1,,,,,1/1,,,1/1,,1/1,1/1,1/1,,,1/1,,,,,,1/1,1/1,1/1,,,1/1,,,,,,,1/1,,1/1,,1/1,,1/1,1/1,,,,,,1/1,,,1/1,,,,,1/1,1/1,1/1,,1/1,1/1,1/1,1/1,,,1/1,,1/1,,,,,,1/1,1/1,,1/1,,1/1,1/1,1/1,,,,,,,,,1/1,,1/1,1/1,1/1,1/1,,,,,,1/1,1/1
Blitzcrank,,1/1,1/1,,,,,,,,,,,,,,1/1,,,,,,,1/1,,,1/1,,,,,,,,1/1,,,1/1,1/1,1/1,,,1/1,,,,1/1,,,,,,1/1,1/1,,,,1/1,1/1,,1/1,,,1/1,1/1,,,,,,,,,1/1,,1/1,,,,,,,,,,,,,,,,,,,,,,,,1/1,,,,,,,,,1/1,,,,1/1,,1/1,,,,,,1/1,,1/1,1/1,,,,1/1,,,1/1,,,,,1/1,,,,,,,1/1,1/1,1/1,,1/1,,,,,,,,,,1/1,,
Braum,,,,,,,,,,,,,,,,,,,,,,1/1,,,,,,,,,,,,,,,,,,,,,,,,,,,,,,,,1/1,,,,1/1,,,,,,,,,,,,,,,,,,1/1,,1/1,,,,,,,,,,,,,,,,,,,,,,,,,,,1/1,1/1,,,,,,,,,,,,,,,,,,,,,,,,,,,,,,,,,,,,,,,,,,,1/1,,,,,,,,,,
Brand,,,1/1,,,1/1,,,,,,,1/1,,,,1/1,,,,,1/1,,,1/1,,1/1,,1/1,1/1,,,,,1/1,,,,,1/1,,,,,,,,,1/1,1/1,1/1,,,,,,,,,,,,,,,,,1/1,,,,,1/1,,,1/1,,,,,,,,,,1/1,,,,1/1,,1/1,,,,,,,,,,1/1,,1/1,1/1,1/1,1/1,,,,1/1,1/1,,1/1,1/1,,,,,1/1,,,,,,,1/1,1/1,,,,1/1,1/1,,,,,,,,,,,1/1,1/1,,1/1,,1/1,,,,,,,,,,
Caitlyn,1/1,1/1,1/1,,,1/1,1/1,,,1/1,,1/1,1/1,1/1,,1/1,,1/1,,,,1/1,1/1,,,1/1,1/1,,,,,,,1/1,1/1,,,,,,,1/1,1/1,,,,,,,,,,,,,1/1,1/1,1/1,,,,1/1,,,,,1/1,,,1/1,1/1,,1/1,,,,1/1,,,,,,,,,1/1,,,1/1,1/1,,1/1,1/1,,1/1,1/1,,,1/1,,,,,1/1,,,1/1,,1/1,1/1,,,,,1/1,,,1/1,,1/1,,,1/1,,,1/1,,,1/1,1/1,,,,,1/1,1/1,,,1/1,,1/1,,,,1/1,,1/1,,1/1,1/1,1/1,,,1/1,,,,1/1,
Camille,,,,,,,,,,,,,,,,,1/1,,,,,,,,,,,,1/1,,,,,,,,,,,,,,1/1,,,,,,,,,,1/1,,,,,,,,,,,,,,,,,,1/1,,,,1/1,,1/1,,,,,,,,,1/1,,,,,,,,,,,,,,1/1,,,,1/1,,,,,,,,,,,,,,,,1/1,,,,,,,,,1/1,,,,1/1,,,1/1,,,,,1/1,,,,,,,,1/1,1/1,,,,,,1/1,,1/1,
Cassiopeia,,,,,,,,,,,,,,,,,,,,,,,,,,,,,,,,,,,,,,,,,,,,,,,,,,,,,,,,,,,,,,,1/1,,,,,,,1/1,,,,,,,,,,,,,,,,,,,,,,,,,,,1/1,,,,,,,,,,1/1,,,,,,,,,,,,1/1,,,,,,,1/1,,,,,,,,,,1/1,,,,,,,,,,,,,,,,,1/1,,,,,,
Chogath,,,,,,,,1/1,,1/1,,,1/1,,,,,,,,,,,,1/1,1/1,,,,,,,,,,,,,,1/1,1/1,,,,,,,,,1/1,,,,,,,,,,1/1,,,,,,,1/1,,,,,,,,,,,1/1,,,,,,,,,,,,,,,,,,,,,,1/1,,,,,,,1/1,,,,,,,,,,,,1/1,,,,,,1/1,,,,,,1/1,,,,,,,,,,,,,,,,,,1/1,,,,,,,,,,
Corki,,,,,,1/1,,,,,,,,,,,,,,,,,,,1/1,,,,,,,,,,,,,,,,,,,,,,,,,,,,,,,,,,,,,,,,,,,,,,,,,,,1/1,,,,,,,,,,,,,,,,,,,,1/1,,,1/1,1/1,,,,,,,1/1,,,,,,,,,,,,,,,,,,,,,,,,,,1/1,,,,,,,,,,,,,,,,,,,,,,,,,,
Darius,,,1/1,,,,1/1,,1/1,1/1,,,1/1,,1/1,1/1,1/1,,,,,,1/1,,1/1,1/1,1/1,1/1,1/1,,,1/1,,,,,,1/1,,1/1,1/1,,,,,,,1/1,1/1,1/1,1/1,,,1/1,,,1/1,,,,1/1,,,,,,,,1/1,1/1,1/1,1/1,1/1,,,1/1,,1/1,,1/1,,1/1,1/1,1/1,,,1/1,,1/1,,,1/1,1/1,,,1/1,,,1/1,1/1,,,,,1/1,1/1,,,,,,1/1,,,,,1/1,1/1,1/1,,,,1/1,1/1,1/1,,1/1,1/1,1/1,,,1/1,1/1,,,1/1,1/1,,,,1/1,,,,,,,,1/1,1/1,,,,,,,,1/1,
Diana,,1/1,,,,,,,,,,1/1,,,,,1/1,,,,,1/1,,,,,,,1/1,,1/1,,,,,,,1/1,,,,1/1,,,,,,,,,1/1,,,,,1/1,,,,,,,,1/1,,1/1,,,,,1/1,,1/1,,,1/1,,,,,1/1,,,,,,,1/1,1/1,1/1,1/1,1/1,1/1,,,,,,1/1,1/1,,,,,,,,,1/1,1/1,,,,,,,1/1,1/1,,,,,,,,,,,1/1,1/1,1/1,1/1,,1/1,,,,,,,,,,,1/1,,,,1/1,,,,,,,,,,1/1
DrMundo,,,,,,,,,,,,,,1/1,,,,,,,,,,,,,,,,,,,,,,,,,,,,,1/1,,,,,,,,,,,1/1,1/1,,,,,,,,,,,,,,,,,,,,,,,,,,1/1,,,,,,,,,,,1/1,,,,,,,,,,,,,,,,,,,,,,,,,,,,,,,,1/1,,,,,,,1/1,,,,,,,,,,,,,,,,,,,,,,,,,,,,
Draven,1/1,1/1,,,,1/1,,,,,1/1,,1/1,,,1/1,,,,1/1,1/1,1/1,,,,,,,1/1,1/1,,,,1/1,1/1,,,1/1,,1/1,1/1,,,,,,1/1,,,,,,1/1,1/1,,,1/1,,,1/1,1/1,,,1/1,1/1,1/1,1/1,,,1/1,1/1,,,,,,,1/1,,,,,,,,,,,1/1,1/1,,1/1,,,,1/1,,1/1,1/1,1/1,1/1,,,,,,,,1/1,1/1,1/1,,,1/1,,,,1/1,1/1,1/1,,,,,,,1/1,,1/1,1/1,1/1,1/1,1/1,,,,1/1,,1/1,,,,1/1,,1/1,,1/1,1/1,1/1,1/1,,1/1,,,,,1/1,1/1,1/1
Ekko,,,,,,,,,,1/1,,,,,,,1/1,,,1/1,,1/1,,,,,,,1/1,,,,,1/1,,,,,,1/1,,,1/1,,,,1/1,,1/1,,,,,,,,,,,,,,,,,,,,,,1/1,,,1/1,,,,,,,,,,,,,,,,,,,,,1/1,,,,,1/1,,,,,,,,,,,,,,,,,,,1/1,,,,1/1,1/1,1/1,1/1,,,,,,,,1/1,,,,,1/1,,,,,,,,,,,,,,,,,,,,
Elise,,,1/1,,,,,,,,,,,1/1,,1/1,1/1,,,,,1/1,,,,,,,,,,,,,,,,,,,,,,,,,,,1/1,,,,,,,,,1/1,,,,,,,,,,,,,,,,,,,,,,,,,,,,,,,,,,,,,,,,,,,,,,,1/1,,,,,,,,,,,,,,,,,,,,,,,1/1,,,,,1/1,,,,,,,,,,,,,,,,,,,,,,,,,,
Evelynn,,,,,,,,,,,,,,,,,,,,,,1/1,,,,,,,,,,,,,,,,,,,,,,,,,,,,1/1,,,,,,1/1,,,,,,,,,,,,,,1/1,,,,,,,,,,1/1,,,,,,,,,,,,,,,,,,,,,,,,,,,,,,,,,,,,,1/1,,,,,,,1/1,,,,,,,,,,,,,,,,,,,,,,,,,,,,,,,,,,,
Ezreal,,,,,,1/1,,,,1/1,,1/1,1/1,,,1/1,,1/1,,,,1/1,1/1,,1/1,1/1,,,,1/1,1/1,,1/1,,1/1,,1/1,1/1,,1/1,,,1/1,1/1,,,1/1,,,,1/1,,1/1,1/1,1/1,,1/1,,,1/1,1/1,,,1/1,,1/1,,1/1,,,1/1,,1/1,1/1,,1/1,1/1,1/1,1/1,1/1,1/1,1/1,,,,,,1/1,1/1,,,1/1,,1/1,1/1,1/1,,,,1/1,,1/1,,,,1/1,1/1,1/1,,,1/1,,,,,,1/1,1/1,1/1,1/1,,1/1,,,,,1/1,,1/1,1/1,,1/1,1/1,1/1,,1/1,,,1/1,1/1,,1/1,1/1,1/1,,1/1,1/1,1/1,1/1,1/1,1/1,,,,,,,1/1,1/1
FiddleSticks,,1/1,1/1,,,1/1,1/1,,,,,,,,,1/1,,,,,,,,,1/1,,,,1/1,,,,,,,,,,,,,,,,1/1,,,,,,1/1,,,,,,,,,,,,,,,,,1/1,,,1/1,,,,,1/1,,,1/1,,,,,,,,,,,1/1,,,1/1,,,,,1/1,,,,,,,,,,,1/1,,,,,,1/1,,,,,1/1,,,,,,,,,,,,,1/1,,,,,,,,,,,1/1,,,,1/1,,,,,,,,,,,
Fiora,,,,,,,,,,,1/1,1/1,,,,,,,,,,,1/1,,,,,,1/1,,,,,,,,,1/1,,,,,,,,,,,,,,,,,,,,,,,,,,,1/1,,,,,,,,,,,,,,,,,,,,,,,,,,,,,,,,,,,,,,,1/1,,,,1/1,,,,,,,,,1/1,,1/1,,,,,,,,,1/1,,,,,,,,,,,,,1/1,,,,,,,,1/1,,,,,,,,,,
Fizz,,,,,,,,,,1/1,,,,,,,,,,,,1/1,,,,,,,,,,,,,,,,,,,,,,,,,1/1,,,1/1,1/1,,,,,,1/1,,,,,,,,,,,,,,,,,,,,,,,1/1,,,,,1/1,,,,,,,,,,,,,,,1/1,,,,,,,,1/1,,,,,,1/1,1/1,,1/1,1/1,,,,,1/1,,,,,,,,,,,,,,,,,,1/1,,,,,,,1/1,,1/1,1/1,,,,,,,,
Galio,,,,,,,,,,,,,,,,,,,,,,,,,,,,,1/1,,,,,,,,,,,,,,,,,,,,,,,,,,,,,,,,,,,,,,,,,,,,,,,,,,,1/1,,,,,,,,,,,,,,,,,,,,1/1,,,,,,,,,,,,,,,,,,,,,,,,,,,,,,,,,,,,,,,,,,,,1/1,,,,,,,,,,,,,,,
Gangplank,,,1/1,,,,1/1,,,,,1/1,1/1,,,,1/1,,,,,,,,1/1,1/1,,,,,,,,,,,,1/1,,,,,1/1,,,,,,1/1,1/1,1/1,,,,,,1/1,,,,1/1,1/1,1/1,,,,,,,,1/1,,,1/1,1/1,1/1,,,,,,,,,,,,1/1,,1/1,,1/1,,,,,,1/1,1/1,1/1,,,,,,,,1/1,,,,,,,1/1,,,1/1,1/1,,,,1/1,,1/1,,,,,,1/1,,1/1,,,1/1,1/1,1/1,,,,1/1,,,,,,,1/1,,,1/1,,,,,,,
Garen,,1/1,1/1,,,1/1,,,,1/1,1/1,,1/1,1/1,,1/1,1/1,,,,,,,,1/1,,,,1/1,,,,,,,,,,,,,,1/1,1/1,,,,,1/1,1/1,,,,,1/1,1/1,,,,1/1,,,,,1/1,,,,,1/1,1/1,,,,1/1,,1/1,,1/1,1/1,,,,,1/1,,,,,,,1/1,,,,1/1,,,,1/1,,,,,,1/1,1/1,1/1,1/1,1/1,1/1,,,,1/1,,,1/1,,,1/1,,,,,,1/1,1/1,,,1/1,1/1,1/1,,,,,,1/1,1/1,,,1/1,1/1,1/1,,,,,,,1/1,,,,,,,
Gnar,,,,,,1/1,,,,,,,,,,,,,,,,,,,,,,,,,,,,,,,,,,,,,,,1/1,,,,,,1/1,,,,,,,,,,,,,,,1/1,,,,,,,,,1/1,1/1,,,,,,,,,,,,,,,,,,,,,,,,,,,,1/1,,,,,,,,,,,,,,,,,,,,1/1,,,,,,,,,,,,,,1/1,1/1,,,,,,,,,1/1,,,,,,,,,,,
Gragas,,,,,,,1/1,,,,,,,,,,,,,,,,,,,,,,1/1,,,,,,,,,,,,,,,,,,,,1/1,,1/1,,,,,,,,,,1/1,,,,,,,,1/1,,,,,1/1,1/1,1/1,,1/1,,,,,1/1,,,,,,,,,,,,1/1,,,,,,,,,1/1,,,,,1/1,1/1,,,,,,,,,,,,,,,,,,,,,,,1/1,,,,,,,,,,,,,,,,1/1,1/1,,1/1,,,,,,,
Graves,1/1,1/1,1/1,1/1,,1/1,,,,,,1/1,,1/1,,,,,,,,1/1,1/1,,1/1,,,,1/1,,1/1,,,1/1,,,,,,,,,1/1,,1/1,,,1/1,,,,,1/1,,1/1,,,,,,,,,,,,,,1/1,,1/1,1/1,,1/1,,1/1,,1/1,1/1,1/1,,,,1/1,,,,,1/1,,,1/1,,,,,,,1/1,,,,,1/1,,,,1/1,,,,,,1/1,1/1,,,,,,,,,1/1,1/1,,,1/1,,,1/1,,1/1,,,1/1,,,,,1/1,1/1,1/1,,1/1,,,,1/1,,,1/1,,,,,1/1,1/1,
Gwen,,,,,,,,,,,,,1/1,1/1,,,,,,,,,,,,,,,,,,,,,,,,,,,,,,,,,,,,,,1/1,,,,,,,,,,,,1/1,,,,,,,,,,,,,,,,,,,,,,,,,,,,,,,,,,1/1,,,,,,,,,,,,,,,,,,,,,,,,,,,,,,,,,,,,,,1/1,,,,,,,,,,,,,1/1,,,,,,,,,,
Hecarim,1/1,,,,,,,,,1/1,,,,1/1,,1/1,,,,1/1,,1/1,,,1/1,1/1,,,1/1,,,,,,,,,,,,,,,,,,,,,,1/1,,,,1/1,,,,,,,,,,,,,,1/1,,1/1,,1/1,1/1,,1/1,,,1/1,1/1,,1/1,,,,,,,1/1,,,,,,,,,1/1,1/1,,,,,,1/1,,,,,,,,,,1/1,,1/1,1/1,,1/1,,,,,1/1,1/1,1/1,1/1,,,,,,,,1/1,,,,,,1/1,,1/1,1/1,,,,,1/1,,,,,,,1/1,,
Heimerdinger,,,,,,,,1/1,,,,,,,,,,,,1/1,,1/1,,,1/1,,,,,,,,,,,,,,,,,,,,,,,,,1/1,,,,,,,,,,,,,,,,,,,,,,,,,,,,,,,,,,,,,,,1/1,,,1/1,,,,,,,,,,,,,1/1,,,,,,,,,1/1,,,,,,,,1/1,,,,,1/1,,,,1/1,,1/1,,,1/1,1/1,,,,,,1/1,,,,,1/1,1/1,,,,,,,,,,
Illaoi,,,,,,,1/1,,,,,,,,,,1/1,,,,,,1/1,,,,,,,,,,,,,,,,,,,,,,,,,,,,1/1,,,1/1,,1/1,,,,,,,,1/1,,,,,,,1/1,,,,,,,,,,,,1/1,,,1/1,,,,,1/1,,,,,,,1/1,1/1,,,,,,1/1,,,,,,,,,,,,,,,,,,,,,1/1,,,,,,,,,,,,,,,,,,,1/1,,,,1/1,1/1,,,,,,,,,
Irelia,,,,,,,,,1/1,1/1,,1/1,1/1,1/1,,,1/1,1/1,,,,,,1/1,,1/1,,,1/1,,,,,1/1,1/1,,,1/1,,,,,,,,,,,1/1,,1/1,,1/1,,,,1/1,,1/1,,,,,,1/1,,,,,,1/1,,,,1/1,1/1,,,1/1,,,,,,,,1/1,,,,,,,,1/1,1/1,,1/1,1/1,,,,,,1/1,1/1,,,,,1/1,,,,,,1/1,1/1,,1/1,,,,1/1,,,1/1,1/1,1/1,1/1,1/1,,1/1,,,,1/1,,,,1/1,,1/1,1/1,,,1/1,,1/1,,,1/1,,,,,,,
Ivern,,,,,,,,,,,,,,,,,,,,,,,,,,,,,1/1,,,,,,1/1,,,,,,,,,,,,,,,,,,,,,,,,,,,1/1,,1/1,,,,,,,,,,1/1,,1/1,,,,,,,,,,,,,,,,,,,,,,,,1/1,,,,,,,1/1,1/1,,,,,,,,,,,,,,,,,,,,,,,,,,1/1,,,1/1,,,,,,,,,,,,,,,1/1,,,,,,,
Janna,1/1,,1/1,1/1,,1/1,1/1,,1/1,1/1,,,1/1,,,,,,,,,,,,,,,,,1/1,,,,,,1/1,,1/1,,,,,,,,,,1/1,1/1,,1/1,,,1/1,,,,,,,,,,,,,,,,,1/1,,,,,1/1,,,,,,,,,,,,,,1/1,,,,,,,,,,,,,,,,,,,,1/1,,,,,,,,,,1/1,,1/1,,,,,,,,,,1/1,1/1,,,,,,1/1,,,,1/1,,,,,1/1,1/1,1/1,1/1,,,,,,,,
JarvanIV,,,,,,,,,,,,,,,,,,,,,,,,,,,,,,,,,,,,,,,,,,,,,,,,,,,1/1,,,,1/1,,,,,,,,,1/1,,,,,,,,,1/1,,,,,,,,,,,,,,,,,,,,,,,,,,,,,,,,,,1/1,,,,,,,,,,,,,,,,,,,,,,,,,,,1/1,,,,,,,,,,,,,,,,,,,,,,,,,1/1
Jax,,,,,,,,1/1,,1/1,,,1/1,1/1,,,,,,,,,,,1/1,1/1,,,1/1,,,1/1,,,,,,,,,,,,,,,,,1/1,,1/1,1/1,1/1,1/1,1/1,1/1,1/1,1/1,,,,,1/1,,1/1,,,,1/1,,,,1/1,1/1,1/1,1/1,,,,1/1,,1/1,1/1,,1/1,1/1,,,,,,,,,1/1,,1/1,1/1,,1/1,,,,,1/1,,1/1,1/1,,1/1,,1/1,,,1/1,,1/1,1/1,1/1,,,,1/1,,,,1/1,1/1,,,1/1,,1/1,,,,1/1,,1/1,,1/1,,,,,,1/1,,1/1,1/1,,1/1,1/1,1/1,1/1,,1/1,,
Jayce,,,,,,,1/1,,1/1,,,,1/1,,,,,,,,,1/1,,,,,,,,,,,,,,,,1/1,,,,,,,1/1,,,,,,,,,,1/1,,,1/1,,,,,,,,,,,,,,,,,,1/1,,,,,,,,,,,,,,,,,,,,1/1,,,,,,,,,,,,,,,,,,,,,1/1,,,,,,,,,,,,,,,,1/1,,1/1,,,,,,,,,,,,,1/1,,,,1/1,,,,,,,
Jhin,1/1,1/1,1/1,,,1/1,,,,,1/1,,1/1,,,1/1,,,,,,1/1,,,,1/1,1/1,,,,,,,1/1,1/1,,1/1,,,,,,1/1,,1/1,,1/1,,,,,,1/1,1/1,1/1,1/1,1/1,,,,,,,,,,,,,1/1,1/1,,1/1,1/1,1/1,1/1,,1/1,,,,,1/1,,,,,,1/1,1/1,1/1,1/1,,1/1,,,,,,1/1,1/1,,1/1,1/1,,1/1,1/1,1/1,1/1,,1/1,,1/1,,,,1/1,,1/1,,,,,,,,1/1,,1/1,,,,1/1,1/1,,,1/1,,,,,,1/1,,1/1,,1/1,,1/1,1/1,1/1,1/1,1/1,,,,,,
Jinx,,1/1,,,,,,1/1,,,,,,,,1/1,,,,1/1,,1/1,,,,,,1/1,,,,1/1,,1/1,1/1,,,,,,1/1,,,,,,,,,,,,,,,,,,,,,,,,,1/1,,,,1/1,,,,,,,,,,1/1,,,,,,,,1/1,,,,1/1,,,,,,,1/1,1/1,,,,,,1/1,,,,,,,,,,,,,,,,,1/1,1/1,,1/1,,,,,,,,,,,,,,,,,,,1/1,,,,1/1,,,,,,,,,,
Kaisa,1/1,1/1,1/1,1/1,,1/1,,1/1,,1/1,,1/1,1/1,,,1/1,,,,,,1/1,1/1,,,,,,1/1,1/1,,1/1,,1/1,,1/1,1/1,,,1/1,,1/1,1/1,,1/1,1/1,1/1,,,,,,1/1,1/1,1/1,1/1,1/1,1/1,,,,,,1/1,,,,1/1,,,1/1,,1/1,1/1,1/1,1/1,,1/1,,1/1,1/1,,1/1,,,,1/1,1/1,1/1,1/1,1/1,1/1,,,1/1,,,,1/1,1/1,,,,1/1,,,1/1,,1/1,1/1,1/1,,1/1,1/1,,,1/1,,,1/1,,1/1,,,,1/1,1/1,,1/1,,,,,1/1,,,1/1,1/1,1/1,,1/1,1/1,,,1/1,,,1/1,,1/1,,,,,,,1/1,,1/1
Kalista,,,,,1/1,,1/1,,,,,,1/1,,,,,,,,,,,,,,,,,,,,,,,,,,1/1,,,,,,,,1/1,,,,,,,,,,1/1,,,,,,,,,,,,,1/1,,,1/1,,,,,,,,,,1/1,,,,,,,,,,,,,,,1/1,,,,,,1/1,,,,,,,,,,,,,,,,,,,,,,1/1,,,,,,,1/1,,,,,,,,,,,,1/1,,,,1/1,,,,,,,,,,
Karma,,,,,,,,,,,,,1/1,1/1,,,,1/1,,,,,,,1/1,,,,1/1,,,,,,,,,1/1,,,,,1/1,,,,1/1,,1/1,,1/1,,,,,1/1,,,,,,,,,1/1,,,,,,,,,,,,,,1/1,,1/1,,,,,,1/1,,1/1,,,,,,,,,,,1/1,,,,1/1,,,,,1/1,1/1,,,1/1,,1/1,,1/1,,,1/1,1/1,,1/1,,,,,,,1/1,,,1/1,1/1,1/1,1/1,,,,,1/1,,,,,,1/1,,,,,,,,1/1,,,,
Karthus,1/1,,1/1,,,,,,,1/1,,,,1/1,1/1,,,,,,,1/1,,1/1,1/1,,,,1/1,,,,,,,,,,,,,1/1,,,1/1,,1/1,,1/1,,1/1,,,,1/1,,,,,,,,,,,,,,,1/1,1/1,,1/1,,,1/1,,1/1,,,1/1,1/1,,,,,,,,1/1,,1/1,1/1,,,,,1/1,1/1,,,,,,1/1,,,,,,1/1,,,,1/1,,,,,1/1,,,,,,1/1,,,,,,,1/1,,,,,,,1/1,,,1/1,,,,1/1,,1/1,1/1,1/1,1/1,,1/1,,,,,
Kassadin,1/1,,,,,,,,,,,,1/1,,,,,,,,,,,1/1,,,,,1/1,,,,,,1/1,,,1/1,,1/1,,,,,,1/1,1/1,1/1,1/1,,1/1,,,1/1,,,,,,,,,,,,,,,1/1,,,,,,,1/1,,,,1/1,1/1,1/1,1/1,,1/1,,,,,1/1,,1/1,,,,,,,,,,,,,1/1,,1/1,,,,,,,,,,1/1,,,,,,,,,,,,1/1,,,,,1/1,,,,,,,,,,,,,,,,,1/1,1/1,,,,,,,
Katarina,1/1,,,,,1/1,,,,1/1,,,1/1,,,,1/1,,,,,,1/1,,,,,1/1,,,,,,,1/1,,,,,,,1/1,,,,,1/1,,1/1,,1/1,,1/1,,,,1/1,,,1/1,,,,,,,1/1,,,,1/1,,,,,1/1,,1/1,,1/1,,,,,,,,,,1/1,,1/1,,1/1,,1/1,,,1/1,,,,,1/1,,1/1,,1/1,,1/1,,,,,,,1/1,,,,,,,,,,1/1,,,,1/1,,1/1,,,1/1,,,,,,1/1,,,,,,,,,1/1,,1/1,,,,,,
Kayn,1/1,1/1,1/1,,,1/1,1/1,,,1/1,,1/1,,,,,1/1,,,,,1/1,,,1/1,,,,1/1,,,1/1,,1/1,,,,,,,,,1/1,,,,1/1,,1/1,,1/1,1/1,,,,1/1,,,,,,1/1,,,,,,,1/1,1/1,1/1,,1/1,,,,,,,1/1,1/1,,,,,,,1/1,,1/1,,1/1,,,,,,,,,,,,,1/1,,,1/1,1/1,,,,,,,,1/1,,1/1,,,1/1,,,,1/1,,,,1/1,,1/1,,,1/1,1/1,,,,,,,,1/1,,,,,,,,,,,,,,,
Kayle,1/1,,1/1,,1/1,,1/1,,,,,,1/1,1/1,1/1,,1/1,,,,,,,,,,1/1,,,,,,,,,,,,,,,,,,,,1/1,1/1,,,1/1,,,,,,,,,,,,1/1,,,,,,,1/1,,,,,1/1,1/1,,,,1/1,,,,,,,,1/1,,,,,,,,,,1/1,1/1,1/1,,,,,1/1,1/1,,,,,,,,,1/1,,1/1,1/1,1/1,1/1,,,,,,,,,,,,,1/1,,1/1,,,,,,,,,,,1/1,,1/1,1/1,,,,,,1/1,,,,1/1
Kennen,,,,,,,,,,,1/1,,1/1,1/1,,,,,,,,,,,,,,,,,,,,,,,,,,,,,1/1,,,,,,,,,,,,,,,,,,1/1,,,,,,,,,1/1,1/1,,,1/1,,1/1,,,,,,,,,,,,,,,,,,,,,,,,,,,,,,,,,,,,,,,1/1,,,,,,1/1,,,,1/1,,1/1,,1/1,,1/1,,,,,,,,,,,,,,,,,,,,,,,,,,,,
Khazix,,,,,,1/1,,,,,,,,,,,,,,1/1,,,,,1/1,,,,1/1,,,,,,1/1,,,,,,,,,,,,,,,,,,,,,1/1,,,,,,,,,,,1/1,,,,,,,,,,,1/1,,,,,,,,,,,,,,,,,,,,,,,,,,,,,,,,,,,,,,,,,,,,,,,,,1/1,,,1/1,1/1,,,,,,1/1,,,1/1,,1/1,,,1/1,,,,,,1/1,,,,,,,,
Kindred,,,,,,,1/1,,,1/1,,,,1/1,,,,,,,,1/1,,,1/1,,,,1/1,,,,,1/1,,,1/1,,,,,,,,,,,,,,,,,,,,,,1/1,,,,,,,,,1/1,1/1,1/1,,,,1/1,,,,1/1,,,,,,,,,,,,,,,,,,,,,,,,,,,,,,,,,,,,,,,,1/1,1/1,,1/1,1/1,,,,,1/1,,,,,,,,,,,,,,,,,,,,,,1/1,,,,,,,,,,
Kled,,,,,,,,,,,1/1,,,,,,1/1,,,,,,,,,,,,,,,,,1/1,,,,,,,,,,1/1,,,,,,,,,,,,,1/1,,,,,,,1/1,,,,,,,,,,,,1/1,,,,,,,,,,,,,,1/1,,,,,,,,,1/1,,,,,,,,,1/1,,,,,,,,,,,,,,,,,,,,,,,,,,,,,,,,,,,,,,,,,,,,,,,,,,,
KogMaw,1/1,,,,,,1/1,,,,,,,,,,,,1/1,,,,,,,,,,,,,,,1/1,,,,,,,,,,,,,1/1,,,,,,,,,,,1/1,,,,,,,,,,,,1/1,,,,,,1/1,,,,,,,,,,,,,,,,,,,,,1/1,1/1,1/1,1/1,,,,,,,,,,,,,,,,1/1,,,,,,,,,,1/1,,,,,,,1/1,,,,,,,,1/1,,,,,,,,,,,,,,,,,,
Leblanc,,,,,,,,,1/1,,,,1/1,1/1,,,,,,,,,1/1,,1/1,,,,1/1,,,,,,,,,,1/1,,,1/1,,1/1,,1/1,,,,,1/1,,,,,,,,,,,1/1,,,1/1,,,,,,,,1/1,1/1,,1/1,,,,,,1/1,,,,,,,,,1/1,,,,,1/1,,,,,1/1,,,,,,,1/1,,,,,,,,,,,,,,,,,,,,,,,,,,,,1/1,,,,,,,,,,,,,,,1/1,1/1,,,,,,1/1,1/1
LeeSin,1/1,,,,,,,,1/1,,1/1,,,1/1,,,,,,,,,,,1/1,,,,,,1/1,,,,1/1,,,,,,,,1/1,,,,1/1,,,,,,1/1,,,,,,,,,,,1/1,,,,1/1,,,1/1,,,1/1,,1/1,,,,,,1/1,,,,,,,,,,,,,,,,,1/1,,,,,1/1,1/1,,,1/1,,,,,,,,,1/1,,,,,,,1/1,,,,1/1,,,1/1,,,,,,,,,,,1/1,1/1,,,,,,1/1,1/1,,,,,1/1,,,,
Leona,1/1,1/1,,,,,,,,,,,,,,,,,,,,,1/1,,1/1,,,,1/1,,,,,,,1/1,,,,,,,,,,,,,,1/1,,,,,,,,,,,,,,,,,,,,,1/1,,,,1/1,1/1,,,,,1/1,,,1/1,,,,1/1,,,,,,,,,,,,1/1,1/1,,,1/1,,,,,,,,,,1/1,,,,,,,,,,1/1,,1/1,,,1/1,,,1/1,,1/1,,1/1,,,,,,,1/1,1/1,1/1,1/1,,,,1/1,,,,,,,,,
Lillia,1/1,,,,,,,,,1/1,,1/1,1/1,,,,1/1,,,1/1,,,,,1/1,,,,,,,,,,,,,,,,,,,,,,,,,,,,,,,1/1,,,,1/1,,,,,,,,,,,,,,,,1/1,1/1,1/1,,,1/1,,,,,,,,,1/1,1/1,,,,1/1,,,,,1/1,,,,,,,1/1,1/1,,,,,,,,,,,,1/1,,,,,,,,,1/1,,1/1,,,,,,,,,,,1/1,,,,,,,1/1,1/1,,1/1,,,,,,1/1,1/1
Lissandra,,,1/1,,,,,,,,,,,,,1/1,,,,,,,,,,,,,1/1,1/1,,,,,,,,,,,,,,,,,,,,,1/1,,,,,,,,,,1/1,,,,1/1,,,,,,,,,,,,,,,,,,,,1/1,,,,,,,,,,,,,,1/1,1/1,,,,,1/1,,,,,,,,1/1,,,,,,,,,1/1,,,,,1/1,,,,,,,,,,,,,,,,,,,,,,,1/1,,,,,,,,,
Lucian,1/1,,1/1,,,1/1,1/1,,,,,,1/1,,,,,,,,,1/1,,,,,,,,,,,,,,,1/1,1/1,,1/1,,,,,,,1/1,,,,,,,,1/1,,1/1,,,,1/1,,,,,,,,,,1/1,,,,,1/1,,1/1,,1/1,,,,,,,,,,1/1,,,1/1,,,,1/1,,,,,,,,,,1/1,,1/1,,1/1,1/1,,,,,,1/1,1/1,,,,1/1,,,,,,,1/1,,,1/1,,,,1/1,,,,,1/1,,,,,,1/1,,1/1,,,1/1,,,,,,
Lulu,1/1,,,,,1/1,1/1,,,1/1,,,1/1,,,,1/1,,1/1,,,1/1,,,1/1,,,1/1,,,,,,,1/1,,,,,,,,,,,,,,1/1,1/1,,1/1,,1/1,,,1/1,1/1,1/1,,1/1,,1/1,,,,,,,,1/1,,1/1,,,,,,,,,,,,,,,,,,1/1,,,,,,1/1,,,,,,,,,,,,,,,,,,1/1,1/1,,,,1/1,,,,1/1,,1/1,,,,,,,,,,1/1,1/1,,,,1/1,,,,,,,,1/1,,,,,,,,,,
Lux,1/1,1/1,1/1,1/1,,,1/1,1/1,,1/1,,1/1,1/1,,,,1/1,1/1,,,,1/1,1/1,,1/1,1/1,,,1/1,1/1,,,,1/1,1/1,,,1/1,,1/1,,1/1,1/1,,1/1,,,,1/1,,1/1,,,1/1,,1/1,1/1,,1/1,,,,,,1/1,1/1,,,1/1,1/1,,,,1/1,1/1,1/1,1/1,,,,,,,,,,,,1/1,1/1,1/1,1/1,1/1,,,1/1,,,,,1/1,,,,1/1,1/1,,,1/1,,1/1,,,,1/1,,,,1/1,,,,1/1,1/1,,1/1,1/1,,1/1,1/1,1/1,,,1/1,1/1,,,,1/1,,1/1,1/1,1/1,1/1,1/1,,1/1,1/1,1/1,1/1,,,1/1,,,,1/1,,
Malzahar,1/1,,1/1,1/1,,1/1,,,1/1,,,,,,,,,,,,,1/1,,,,,,,,,,,,,,,,1/1,,,,,,,,,,,,,,,,,,,,,,,,,,,,,,,,,,,1/1,,1/1,1/1,,,,,,,,,,,,,,1/1,,1/1,,,,,,,,,,,,,,,,,,1/1,,,,,1/1,,,,,,,,,,1/1,,,,1/1,,,,1/1,,,,,1/1,,,,,,1/1,,,,,,,,,,,,,,,
Malphite,,,,,,1/1,,,,1/1,,,,,,1/1,1/1,,,,,1/1,1/1,,,,,,1/1,,,,,,,,,,,1/1,,,,,,1/1,1/1,,1/1,,1/1,1/1,,1/1,,,1/1,,,,,,,1/1,,,,,,1/1,,1/1,,,,1/1,,,,,1/1,1/1,1/1,,,,,,,,,1/1,1/1,,,,,1/1,,,,,,,,,,,,,1/1,,,,1/1,,,,,,,,,,,,,,1/1,,1/1,,1/1,,,1/1,,,,,,,,,,,,,,,,,,,,,,,1/1
Maokai,,1/1,1/1,,,,,,1/1,1/1,1/1,1/1,1/1,1/1,,,,,,,,,,,,1/1,,,1/1,,,,,1/1,,,1/1,1/1,,1/1,,,,1/1,,,1/1,,1/1,,1/1,,,,,,,,1/1,,1/1,,,1/1,1/1,,,,,,1/1,,,,1/1,1/1,,,,,,1/1,1/1,,,,,,1/1,,,,,1/1,,,,1/1,,1/1,,,,1/1,,,,,1/1,,,,,,,,,1/1,1/1,,1/1,,,1/1,,1/1,,,,,,,,1/1,,1/1,1/1,,,,,,,,,,,,,,,1/1,,,,,,,
MasterYi,,,,,1/1,,1/1,1/1,,1/1,,,,,,,,1/1,,,,,,,,,,,,,,,,1/1,1/1,1/1,1/1,,,,,,1/1,,,,1/1,,1/1,,1/1,,,,,,,1/1,,,,,,,,1/1,,,,,1/1,1/1,,1/1,,1/1,1/1,,,,,,,,,,,,,1/1,,,,,,,,,,1/1,,,,1/1,1/1,,,,1/1,,,,,,1/1,,1/1,1/1,,,1/1,,,1/1,,,1/1,,,,,,,,,,1/1,1/1,1/1,,,1/1,,,,,,,1/1,1/1,,,,,,1/1,1/1,,
MissFortune,1/1,1/1,1/1,,,1/1,,,,1/1,1/1,1/1,,1/1,1/1,1/1,,,,,1/1,1/1,1/1,,,,,,1/1,1/1,,,,1/1,,1/1,1/1,1/1,,1/1,,,1/1,1/1,1/1,,1/1,1/1,1/1,,1/1,,,1/1,1/1,1/1,,1/1,1/1,,,1/1,1/1,1/1,1/1,1/1,1/1,,1/1,,1/1,1/1,1/1,1/1,1/1,,1/1,1/1,,1/1,,1/1,1/1,,,1/1,,,1/1,1/1,,1/1,1/1,,,1/1,,1/1,1/1,1/1,1/1,,,1/1,,1/1,1/1,1/1,1/1,1/1,,1/1,1/1,1/1,1/1,,,1/1,,1/1,,1/1,,1/1,,1/1,1/1,,1/1,,,1/1,1/1,,,,1/1,1/1,,1/1,1/1,1/1,1/1,,1/1,,1/1,1/1,1/1,1/1,1/1,1/1,1/1,1/1,1/1,,1/1,,
MonkeyKing,,,1/1,,,1/1,,,,1/1,,1/1,,,,,1/1,1/1,,,,,,,,,,,1/1,,,,,,1/1,,,,,,,,,,,,,,,,,,,,,,,,,,,,,,,,1/1,,,,1/1,,,,1/1,1/1,,,,,,,,,1/1,,,,1/1,,,,,,1/1,,,,,1/1,,1/1,,,,,,,,,,,,,,,,,1/1,,,,,,,,1/1,,,1/1,,,,,1/1,,,,,,,,,,,,,,1/1,,,1/1,1/1,,,,,,
Morgana,,,1/1,,1/1,1/1,1/1,,,,,,,,1/1,,,,,1/1,,1/1,,,1/1,,,,1/1,,,,,,,,1/1,1/1,,,,,,,,,,,1/1,,1/1,,,1/1,,1/1,,,,1/1,1/1,,,,,,1/1,,1/1,,,,,,,1/1,,,,,,,,1/1,,,,,1/1,,,,,,,1/1,,,,,,,,1/1,1/1,1/1,1/1,,1/1,,1/1,,,,,,,,,1/1,,,,,1/1,,,1/1,,1/1,,,1/1,,,1/1,1/1,,,1/1,,,,,1/1,,,1/1,1/1,1/1,,,,,,,,,
Mordekaiser,,,,,,,,,,,,,,,,,,,,,,,,,,,,,1/1,1/1,,,,,1/1,,,1/1,,1/1,,,1/1,,,,,,,,,,1/1,,,,,,,,,,,,,,,,,,,,,,,,,,,,,,1/1,,,,,,1/1,,,,,,,1/1,,,,,,,,,,,1/1,,,,1/1,,,,1/1,,,1/1,,1/1,,,,,,,,1/1,,,,,1/1,,,1/1,,,,,,,,,,,,1/1,1/1,,,,,,,,,,1/1
Nami,1/1,1/1,1/1,,,,,,,1/1,,,1/1,,,,,,,,,1/1,,,,,,1/1,1/1,,,1/1,1/1,,1/1,,,1/1,,1/1,,,,,,,1/1,,,1/1,1/1,,,,1/1,1/1,1/1,1/1,,,,,,,,,,,1/1,,,,,,,1/1,,,,,1/1,,,,,,,1/1,,,,,,,,1/1,,,,1/1,,,,1/1,,,,1/1,1/1,1/1,,1/1,,,,,1/1,1/1,,,,,1/1,,,,,,1/1,,,,,,1/1,,,,1/1,,,1/1,,1/1,,,,,,1/1,,,,,,,,,
Nasus,,1/1,,,,,,,,,,,1/1,,,,,,,,,,1/1,1/1,,,,,1/1,,,,,,,,,,,,,,,,,,,,,,1/1,,1/1,1/1,1/1,,1/1,,,,,,,,,1/1,1/1,,,,,,1/1,,,,,,,1/1,,,,,,,,,,,1/1,1/1,,1/1,,,,,,,,,,,,,,,,,,,,,1/1,,,1/1,,1/1,,,,,,1/1,,,1/1,,1/1,,,,1/1,,,,,1/1,,1/1,,1/1,,1/1,,,1/1,,,,,,,,,,
Nautilus,,,,,,,,,1/1,,,,1/1,,,,,,,,,1/1,,,,,,,1/1,,,,,,,,,,,1/1,,,,,,,1/1,,,,,,,1/1,1/1,,,,,,,,,1/1,1/1,,,,,,,,1/1,1/1,,1/1,,,,,,,,,,1/1,,,,,,,,,,,,,,,,,,,1/1,,,,,,,,,,,,,,,,,,,,,1/1,,1/1,,,,,1/1,,,,,,,,,,,,,,,,,1/1,,,,1/1,,1/1,,,
Neeko,,,,,,,,,,,,,,,,,,,,,,1/1,,,,,,,,,,,,,,,1/1,,,,,1/1,,,,,1/1,,1/1,,1/1,1/1,,,1/1,,,,,,,,,,,,,,,,,,1/1,1/1,,1/1,,,1/1,,,,,,,1/1,,,1/1,1/1,,,,,,,,1/1,,,,,,,1/1,,1/1,,1/1,,,,,,,,,,,,,,,,,,,,,,,,1/1,,,1/1,,,,,1/1,,,,,,,,,,1/1,,,,,,,,
Nidalee,,,,,,,,,,,,,,,,,,,,,,1/1,,,,,,,,,,,,,,,,1/1,,,,,,,,,,,,,,,,,,,,,,,,,,,,1/1,,,,,,,,,,,,1/1,,,,,,,,,,,,,,,,,,,,,,,1/1,,,1/1,,,,,,,,,,,,,,,,,,,,,1/1,,,1/1,,,,,,,,1/1,,,,,,,,,,,,,1/1,1/1,,,,,,,,,
Nilah,,,,,1/1,,,,,,,,1/1,,,,,,,,,,,,,,,,,,,1/1,,,1/1,,,,,,,,,,,,1/1,,,,,,,,1/1,,,,,,,,,,,,,1/1,,,,,,,,,1/1,,,,,,,,,,,,,,,,,1/1,,,,,1/1,1/1,,,,,,,,,,,,,1/1,,,,,1/1,,,,,,1/1,,1/1,,,,1/1,,,,,,,,,,,1/1,1/1,,,,,,1/1,1/1,,,1/1,,,,,,,
Nocturne,,,,,,,,,,,,,,,,1/1,1/1,1/1,,,,,,,,,,,,,,,,,,,,,,,,1/1,,,,,1/1,,,,,,,,,,,,,,,,,,,,,,,,,,,,,1/1,,,,,,1/1,1/1,,,,,,,,,,,,,,,1/1,,,,,1/1,1/1,1/1,,,,,,,1/1,,1/1,,,,,,,,,,,,,,,,,,,,,,,,,,,,,,,,,1/1,,,,,1/1,,1/1,1/1,,,1/1,
Nunu,,,1/1,,,,,,,1/1,,,,,,,,,,,,1/1,,,,,,,,,,,,,,,,,,,,,1/1,,,,,,,,1/1,,1/1,,,,,,,,,,,,,,,,,,,,,,,,,,,,,,,,,,,,1/1,,,,,,1/1,,,,,,,,,,,,,,,,,,,,,,,,,,1/1,,,,,,,,,,,,,,1/1,,,,,,,,,,,,,,1/1,,,,,,,,,1/1,
Orianna,1/1,,,,,,,,,,,,,,,,,,,,,,1/1,,,,,,1/1,,,,,1/1,,,,,,,,,,,,,,,,1/1,1/1,,,,,,1/1,1/1,,,,,,,,1/1,,,,,,,,,,,,,,1/1,,,,,,,,,,1/1,,,,,,,,,1/1,1/1,,1/1,,,,,,1/1,,,,,,,,,1/1,,,,,,,,,,,1/1,1/1,1/1,,,,,,1/1,,,,,,,,,,1/1,,,,,,,,,,,,,
Ornn,,,1/1,,,,,,,1/1,1/1,,,,,,1/1,,,,,1/1,1/1,,1/1,,,,1/1,,,,,,,,,1/1,,1/1,1/1,,,,,,,,1/1,,1/1,,1/1,,,,,,,,,,,,,,,,,,1/1,,,1/1,,1/1,1/1,1/1,1/1,,,,1/1,,,,1/1,,,1/1,,1/1,,,,,,,1/1,,,,,1/1,,,1/1,,1/1,1/1,,,,,,,,,1/1,,1/1,,,,,,,,1/1,,,,,,1/1,1/1,,1/1,,,1/1,,1/1,,,,1/1,,1/1,,,1/1,,,1/1,,,,
Pantheon,,1/1,1/1,,,,,,,,1/1,,,,,1/1,1/1,,,,,,1/1,,1/1,,,,,1/1,,,,1/1,,,,,,,,,,,1/1,,,,1/1,,1/1,,,1/1,1/1,1/1,1/1,,,,,1/1,,,,,1/1,,1/1,,1/1,1/1,,,1/1,1/1,,,,,,,1/1,,,,,1/1,1/1,,,,,,,,,1/1,1/1,1/1,,1/1,,1/1,1/1,,1/1,1/1,,1/1,1/1,1/1,1/1,,,,,,1/1,,,,1/1,,,,,1/1,1/1,,,,,,,,,1/1,,,,,,,,,1/1,,,,1/1,,1/1,,,,,,
Poppy,1/1,1/1,,,,,,,,,,,,,,,,,,,,,1/1,,,,,,,,,,,,,,,,,,,1/1,,,,,,,1/1,,1/1,,,,,,,,,,,,,1/1,,,1/1,,,1/1,1/1,,,,,,,,,,1/1,,,,,,,,,,,,,,,,,,,,,,,,,,,,1/1,,,,,,,,,,,,,,,,,,,,1/1,,,,,,,,1/1,,,,,,,,,,,,1/1,,,,,,,,,,
Pyke,,,,1/1,,,1/1,,,1/1,,,1/1,,,1/1,1/1,,,,,1/1,1/1,1/1,1/1,,,,1/1,,,,,1/1,1/1,,,1/1,,,1/1,,,,,,,,1/1,1/1,1/1,,,1/1,1/1,1/1,1/1,,,,,,,,,,,,,,1/1,1/1,1/1,,,1/1,,,,,1/1,,,,,,,,1/1,,,,,1/1,,1/1,,,,,1/1,,1/1,,1/1,1/1,,,1/1,,,,,1/1,1/1,,,,,,,,1/1,,,1/1,,,1/1,,1/1,1/1,1/1,1/1,,,1/1,,1/1,,,1/1,1/1,1/1,1/1,,,,1/1,1/1,1/1,,,,,,,,
Qiyana,,,,,,1/1,,,,,,,,,,,1/1,,,,,1/1,1/1,,,,,,,1/1,,,,,,,,,,,,,,,,,,,,,,,,1/1,,,,,,,,,,,,,,,1/1,,1/1,,1/1,,,1/1,,,,,,,,,,,,,,,,,,,,,,1/1,,,1/1,,,,,,,,1/1,,,1/1,,,,,,1/1,,,,,,,,,,,1/1,1/1,,,,,1/1,,,,,,,,,,,,,1/1,,,,,,,,,,,
Quinn,,,,,1/1,,,,,,,,1/1,,,,,,,,,,,,,,,,1/1,,,,,,,,,,,,,,,,,,,,1/1,,,,,,,1/1,,,,,,,,,,,,,,,,,,1/1,,,,,,,1/1,,,,1/1,,,,,,,1/1,,,,,,,1/1,,,,1/1,,,,,,,,,,,,,,,1/1,,,,,,1/1,,1/1,,,,,,,,,,1/1,,,,,,1/1,,,,,,1/1,1/1,,,,,,,,,,
Rakan,,,,,,,,,,1/1,,,,,,,1/1,,,,,,,,,1/1,,,1/1,,,,,,,,1/1,,,,,,1/1,,,,1/1,,,,1/1,,,,,,,,,,,,,,,,1/1,,,,,,,,,,1/1,,,,,,,,,,1/1,,,,,,,,,,,,,,,,,,,,,,,,,,,,,,,,,,,,,,,,,,,,,,1/1,,,,,,1/1,,,,,,,,,,1/1,,,,,,,,,,
Rammus,,,1/1,1/1,,,,,1/1,1/1,,,1/1,,,,1/1,,,,1/1,1/1,,,1/1,,,,1/1,,,,,,1/1,,,,,,,,1/1,,,,,1/1,,,,,,,,1/1,,,,,,,,1/1,,,,,,,1/1,,,,,1/1,,1/1,1/1,1/1,,,,,,,,,,,,1/1,,,,,,,1/1,1/1,1/1,,,,,,,,,,,,,,,,,,,,,,,,,,,,1/1,,,,1/1,,,1/1,1/1,,1/1,,,,,1/1,,,,,1/1,,,1/1,,,,,,,1/1
RekSai,,,,,,,,,,,,,,,,,,,1/1,,,,,,,,,,,,,,,,,,,,,,,,,,,,1/1,,,,,,,,,,,,,,,,1/1,,,,,,1/1,1/1,,,,,,,,,,,,,,,,,,,,,,,,,,,,,,,,,,,,,1/1,,,,,,,,,,,,,,,,,,,1/1,,,,,,,,,,,1/1,,,,,,,,,,,,,,,,,,,,,,
Rell,1/1,1/1,,,,,,,,,1/1,,1/1,,,,,,,,,,,,1/1,,,,,1/1,,,,1/1,,,,,1/1,1/1,,1/1,1/1,,,,1/1,,,,,1/1,,1/1,,,,1/1,,,,,1/1,,,,,,,,,,1/1,1/1,,1/1,,,,,,,1/1,,,1/1,,,,1/1,,,1/1,,,,,,,1/1,,,,,1/1,,,,,,,,,,,,,1/1,,,,,,1/1,,,,,1/1,,,,1/1,,,,,,,,1/1,1/1,,,1/1,,,1/1,1/1,,,,,1/1,1/1,,,,
Renata,1/1,1/1,,,,,1/1,,,1/1,1/1,,1/1,,,,1/1,,,,1/1,1/1,1/1,,1/1,,,,,,,,,1/1,,,,1/1,,1/1,,1/1,1/1,,,,,,,1/1,1/1,,,1/1,,1/1,,1/1,,,,1/1,1/1,,1/1,,,1/1,,,,,,,,1/1,,,,,,,,,1/1,,,1/1,1/1,1/1,,,,1/1,,1/1,,,,1/1,,,,,1/1,,,,1/1,1/1,,,1/1,1/1,1/1,,,,1/1,1/1,,1/1,,1/1,,1/1,,,1/1,,,,,,,1/1,1/1,,,,1/1,,,,,,1/1,,1/1,1/1,,,,1/1,1/1,,,1/1,
Rengar,1/1,,,,,,1/1,,,1/1,,,,1/1,,,,1/1,,1/1,1/1,1/1,1/1,,1/1,1/1,,,1/1,,,1/1,1/1,1/1,1/1,,,,,,,,,1/1,,,1/1,,1/1,1/1,1/1,,1/1,,,,,1/1,,,,,1/1,,,1/1,1/1,1/1,,,,,,1/1,1/1,1/1,1/1,,,1/1,,,,,1/1,,,1/1,,1/1,,,,,,1/1,,1/1,1/1,,,1/1,,,,,1/1,1/1,,,,,1/1,1/1,1/1,,1/1,,1/1,,,1/1,,,,,,,,,1/1,,,1/1,,,,,,1/1,,,,1/1,1/1,1/1,1/1,,,1/1,1/1,1/1,1/1,,,1/1,1/1,1/1,1/1
Renekton,,,,,,,,1/1,,,,,,,,,,,,,,,,,1/1,,,,,,,,,,,,,,,,,,,,,,,,1/1,,,,,,,,,,,,,,,1/1,,1/1,,,,,1/1,,,,,1/1,,,,,,,,1/1,,,,,,,,1/1,1/1,,,1/1,,,,,,,,1/1,,,,,,1/1,,1/1,,,1/1,,,,,1/1,,,,,,,1/1,,1/1,,1/1,,1/1,,1/1,1/1,,,,,,,,,,,,,1/1,,1/1,1/1,,,,,,,1/1
Riven,,,,,,,,,,,,,,,,1/1,,,,,,,,,,,,,1/1,,,,,,,,,,,,,,,,,,,,,,,,,,,,,,,,,,,,,,,,,,,,,,,,1/1,,,,,,,,,,,1/1,,1/1,,,,,,,,,,1/1,,,,,,,,,,,,,,,,,,,,,,,,,,,,1/1,1/1,,,,,,,,,,,,,,,1/1,,,,,1/1,,,1/1,1/1,,,,,,
Rumble,,,,,,,,,,,,,,,,,,,,,,,,,,,,,,,,,,,,,,,,,,,,,,,,,1/1,,,,,,,,,,,,,,,,,,,,,,,,,,,,,,,,,,,,,1/1,,,,,,1/1,,1/1,,,,,,,,,,,,,,,,,,,,1/1,,,,,,,,,,,,,,,,,,,,,,,,,,,,,,,,,,,1/1,,,1/1,,,1/1,,,,
Ryze,1/1,,,,1/1,,,,,,,,,,,1/1,1/1,1/1,,,,,,,,,,,,,1/1,,,,,1/1,1/1,1/1,,,,,,,,,,,1/1,,1/1,1/1,1/1,,,1/1,,,,,,,,,1/1,1/1,,,,,,,,1/1,1/1,1/1,,1/1,,1/1,,,,1/1,,1/1,,,1/1,1/1,,,,,,,,,,,1/1,,,,,,1/1,1/1,,1/1,,,,,,,,,,,,,,,,1/1,,1/1,1/1,,,,1/1,,,1/1,,1/1,,1/1,,,,,1/1,,1/1,1/1,,,,,,,,,,1/1,
Samira,1/1,,,,1/1,,1/1,,,,,,1/1,,1/1,1/1,,,,,,1/1,,,,,1/1,,,,,,,,,,,,,1/1,1/1,1/1,1/1,,,,1/1,,,,,,,1/1,1/1,,1/1,1/1,,,,,,,1/1,,,1/1,,,1/1,,,,1/1,,,1/1,,,,1/1,1/1,,,1/1,,,,1/1,,1/1,,,,,,1/1,1/1,,,,,,,,,,,,1/1,,,,,,,,,,,1/1,,1/1,,1/1,,1/1,,,,,1/1,,,,,,,,1/1,1/1,1/1,,,,1/1,1/1,1/1,1/1,,,,,,,,,
Sejuani,,,,,,,,,,1/1,,,,,1/1,1/1,,,,,,1/1,,,,,,,1/1,,,,,,1/1,,,,,,,,1/1,,,,,,1/1,1/1,,,,,,1/1,,1/1,,,,,,,,,,,,,1/1,,,,,1/1,,1/1,,,,,,,,,,,,,,1/1,,,,,,,,,,,,,,,,1/1,,1/1,,,,,,,,,,,,,,,,,,,,,,,1/1,,,,,,,,,,1/1,,,,,,1/1,1/1,,,,,,,,,
Senna,,,,,,1/1,,,,1/1,1/1,,,,,1/1,1/1,,1/1,1/1,1/1,,,,,,,,1/1,,,,,,1/1,,,,,,,,,1/1,,1/1,1/1,,1/1,,1/1,,,,1/1,,,,,,,,,,,,1/1,,1/1,,,,,,,1/1,,1/1,1/1,,,,1/1,,,,,,1/1,1/1,,,,,,,1/1,,,1/1,,,,1/1,,,,,,,1/1,,,,,,,,1/1,,,,,,,,,,1/1,,,,1/1,1/1,,1/1,1/1,,,,,,,,,,,,,,,,1/1,,,,,,
Seraphine,1/1,,,,,,,,,,1/1,,1/1,,,,,,,,,,,,,,,,1/1,,1/1,1/1,,1/1,1/1,,,1/1,,,,,,1/1,,,1/1,,1/1,,,,,,,1/1,1/1,,,,,1/1,,1/1,1/1,,1/1,,,,,,,,,1/1,,,,1/1,,,,,,,,1/1,,1/1,,,,,,,,,,1/1,,,,1/1,,1/1,,,,1/1,,,,,1/1,,,1/1,1/1,,,,1/1,,,,,1/1,,,,,,,,1/1,,,,1/1,1/1,,,,,,,1/1,,1/1,,1/1,1/1,,,,,,
Sett,,1/1,1/1,,,1/1,,,,1/1,,,,1/1,,,1/1,,,,,,1/1,,1/1,,,,,1/1,,,,,1/1,,1/1,,,,,,,,,,,,1/1,,1/1,,1/1,,,,1/1,,,,,,,,,,,,1/1,,1/1,,,1/1,1/1,1/1,,1/1,,1/1,,,1/1,,,,,,1/1,,1/1,1/1,1/1,,,,,,1/1,,,,,,,,,,,1/1,,,,,,,1/1,,,1/1,,,1/1,1/1,,,,,1/1,,,,,,,,,1/1,,,,,,,1/1,,,1/1,,1/1,,,,,,,,,
Shaco,1/1,1/1,,,,1/1,,,,1/1,1/1,,,,,,1/1,,,,,,1/1,,1/1,,,,,,,,,,1/1,,1/1,,,,,,,,1/1,,1/1,,,,1/1,,1/1,,,1/1,,,,,,,,,,,,,,,,1/1,,,,1/1,,,,1/1,,,,,,,,,1/1,1/1,,,,,,,,,1/1,,1/1,,,1/1,,1/1,,1/1,1/1,,,,,,1/1,,,,1/1,1/1,,1/1,1/1,,,,,,,1/1,,,,,,,,,,,,,,,,,,,1/1,1/1,,1/1,,1/1,,,1/1,,1/1
Shen,1/1,,,,,1/1,,,,,,,,,,1/1,,,,,,,,,1/1,,,,1/1,,,,,,1/1,,,,,,,,1/1,,,,,,1/1,,1/1,,,1/1,,,,,,,,,,,,,,,1/1,,1/1,,1/1,,,,,1/1,1/1,,,,,,,,,,,1/1,,,,,,,,,,,,,,,1/1,,1/1,,,,,,,,,,,1/1,,,,,,,,,,,,,1/1,,1/1,,,,,,,,,1/1,1/1,,,,1/1,,,,,,,1/1,,,,,
Shyvana,,,,,,,,,,,,,,,,1/1,,,,,,1/1,,,,,,,,,,,,,,,,,,,,,,,,,1/1,,,,,,,,,,,,,,,,,,,,,,1/1,,,,,,,1/1,,,,1/1,,,,,,1/1,,,,1/1,,,1/1,,,,,,,,1/1,,,,,,,,,,,,,,,,,1/1,,,,,1/1,,,,,1/1,1/1,,,,,,1/1,,,,,,,,,,,,1/1,,1/1,,,1/1,1/1,,,,,,
Singed,,,,,,,,,,1/1,,,1/1,1/1,,,,,,,,,,,,,,,,,,,,,,,,,,,,,,,,,,,1/1,,1/1,,1/1,,,,,,,,,,,,,,,1/1,,,,,,,,1/1,,,,,,,,,1/1,,,,,1/1,,,,,,,,,1/1,1/1,,,,,,,,,,,,,,,1/1,,,,1/1,1/1,,,,,,,,,,,1/1,,,,,,,,,,1/1,,,,,,,,,,,1/1,,,,,,1/1,
Sion,,,,,,,,,,,,,1/1,,,1/1,,,,,,,,,1/1,,,,,,,1/1,,,,,,1/1,,,1/1,,,,,,,,,,1/1,,,,,,,,,,,,,,,1/1,,,,,,,,,,1/1,,,,,,,,,,1/1,,,,,,1/1,,,,,,,1/1,1/1,,,1/1,,,,,,,,,,,,1/1,,1/1,,,1/1,,,,,,,,,,,1/1,,1/1,,,,,,,,,,,,,,,,,1/1,,1/1,,,1/1,,,1/1,
Sivir,1/1,,1/1,1/1,,1/1,1/1,,,1/1,,,1/1,1/1,,1/1,1/1,,,,,,,,,,,,,1/1,,1/1,,1/1,1/1,,,1/1,,1/1,,,,,,,1/1,,,,,,1/1,1/1,,,,1/1,1/1,,,,,,,,,,,1/1,1/1,1/1,1/1,,1/1,1/1,,,1/1,,1/1,,,,,,,,,,,1/1,,,,,,,1/1,1/1,1/1,,,,,,,1/1,,1/1,,,1/1,1/1,,,1/1,1/1,1/1,1/1,1/1,,1/1,,1/1,1/1,,1/1,,,,,1/1,,,,1/1,,1/1,1/1,1/1,,,1/1,,,,1/1,,1/1,,,1/1,1/1,,,1/1,,1/1
Skarner,,,,,,,1/1,,,,,,,,,,,,,,,,,,,,,,,,,,,,,,,,,,,,,,,,,,,,,,,,,,,,,,,,1/1,,,,,,,1/1,,,,,,,,,,,,,,,,,,,,,,,,,,,,,,,,,,,,,,,,,,,,,,,,,,,,,,,,,,,,,,,,,,,,,,,1/1,,,,,,,,,,,,,,,,,,
Sona,,,,,,,,,1/1,1/1,1/1,,1/1,,,,,,,,,1/1,1/1,,,,,1/1,1/1,,1/1,1/1,,,,,,,,1/1,,,1/1,,,,1/1,1/1,1/1,,1/1,,1/1,,1/1,1/1,1/1,1/1,,,,,,,1/1,,,,,,,,,,1/1,,,,,1/1,,,,,,,,1/1,,,,,,,,,,,,1/1,,,,,,,,,1/1,,,,,1/1,1/1,,,,,1/1,,,,1/1,,,,,,1/1,,,1/1,,1/1,,,,,,,,,,,,,,1/1,,1/1,,,,1/1,,,,
Soraka,,,,,,,1/1,,,1/1,1/1,,1/1,,,,1/1,,,,,1/1,1/1,,1/1,,,,1/1,,,1/1,,1/1,1/1,,,,,1/1,,,1/1,,,,1/1,,,,,,,,,,,1/1,,,1/1,,,,,,,,1/1,,,,,1/1,1/1,1/1,,,1/1,1/1,1/1,,,,1/1,,,,,,,,1/1,1/1,,,,1/1,,,,,,,,,,1/1,,,1/1,1/1,,,1/1,,,,1/1,,,,,,,,,1/1,,,1/1,,,,,,1/1,,,,1/1,1/1,,,,1/1,,,1/1,,,,,1/1,,,,,
Swain,,,1/1,1/1,,,1/1,,,1/1,1/1,,1/1,,,,,,1/1,1/1,,1/1,,,1/1,1/1,,,1/1,,1/1,,,1/1,,,,,,,,,,,,,1/1,,1/1,,,,,,,,1/1,1/1,,,1/1,,,,,,,,1/1,,1/1,,,1/1,,,1/1,,,,,,,,,,,,1/1,1/1,,,,,,,,,1/1,1/1,,,,,,,1/1,1/1,,1/1,,,1/1,,1/1,,,1/1,,,,,,1/1,1/1,1/1,1/1,,,,1/1,,1/1,,1/1,1/1,,,1/1,,1/1,,,,,1/1,,,1/1,1/1,,1/1,1/1,,,,1/1,,
Sylas,,,,1/1,,,,,,1/1,,,1/1,,,1/1,1/1,1/1,,,,,,,1/1,,,,1/1,1/1,,,,,,,,,,1/1,,,1/1,,1/1,,,,,,1/1,,1/1,1/1,,,,1/1,,,,,,,,,1/1,,,1/1,,,,,,1/1,,1/1,1/1,,1/1,,,,,,,,,,,,,,,,,,1/1,,1/1,,,,,,,,1/1,1/1,,,1/1,1/1,1/1,,1/1,,,,,,,,,1/1,1/1,,1/1,,,,1/1,,,1/1,,,,,,,,,,,1/1,1/1,1/1,1/1,1/1,1/1,,,,,,,1/1
Syndra,,,,,,1/1,,,,,,,,1/1,,,,,,,,,,,,,,,,,,,,,1/1,,,,,,,,,,,,,,,,,,1/1,,,,,,1/1,,1/1,,,,,,,,,,,,,1/1,1/1,,,,,,,,,,,,1/1,,1/1,,,,,,,,,,,,,,,,,,,,,,,,,,1/1,,,,,,,,,,,,,1/1,,,,,,,1/1,,,,1/1,,,,,,,,,,,,,1/1,,,,,,,
TahmKench,1/1,1/1,,,,,,,,,1/1,,,,,,,,,,,,,,,,,,1/1,,,,,,,,,,,,1/1,,,,1/1,,,,,,1/1,,,,,,1/1,,,,1/1,,,,,,,1/1,,,,,,,,1/1,,,,,,,,,,,,,,,,,,,,,,,1/1,1/1,,,,,1/1,,,,,1/1,,,,,,,,,,,,,,,,,1/1,,,1/1,,1/1,,,,1/1,1/1,,,,1/1,,1/1,,,,,1/1,,1/1,,1/1,,,,,,,
Talon,,,,,,,,,,,,,1/1,1/1,,,1/1,,,,,1/1,,,,1/1,,,,,,1/1,,1/1,,,,,,,,,,,,,1/1,,,1/1,,,1/1,,,,,,,,,,,,,,,,1/1,,1/1,,,,,,,,,1/1,,,,,,,,,,1/1,,1/1,,,,,,,,,,,,,,,,1/1,1/1,1/1,,1/1,,,1/1,,,,,,,,,,1/1,,,,,,,,,1/1,,,1/1,,,,,,,,,,,,,,,,1/1,,,,,,
Taliyah,,,,,,,,,1/1,1/1,,,,1/1,,,,,,,,1/1,,1/1,,1/1,,1/1,,,,,,,,1/1,,1/1,,,,,1/1,,,,,,,1/1,,,,,,,,,,,,,,,1/1,1/1,,,,1/1,1/1,,,1/1,1/1,1/1,,,,,,,,,1/1,,,,,,,,,1/1,,,,1/1,1/1,,,,,,1/1,,,,1/1,,,,,,,,1/1,,1/1,,,,,,,1/1,,1/1,,,1/1,,,,,1/1,,,,,1/1,,,,,,,,,,,1/1,,,,,,,
Taric,,,1/1,,1/1,,,,1/1,1/1,1/1,,1/1,,,,,,,1/1,,1/1,,,,1/1,,,,,,,,1/1,,,,1/1,,1/1,,,,,,,,,,,,,,,,,,,1/1,,,,,,,,,,,,,1/1,,,,,,1/1,,,,,,1/1,,,,,,,,,,,,,,,,,,,,,,,,,,,,,,,1/1,,,,1/1,,,,1/1,,,,,,,,1/1,,,,,,1/1,,,,,,,1/1,,,,,1/1,,,,,,,,,,
Teemo,,1/1,,,,,1/1,,,,,,,,,,1/1,,1/1,,,,,,,1/1,,,,,,,,,,,,,,1/1,,1/1,,,,,,,,1/1,1/1,1/1,,1/1,,,1/1,,,,,,1/1,,,1/1,,,,1/1,1/1,,,1/1,,1/1,,,,,1/1,1/1,,,1/1,,,,,,,1/1,,1/1,,,1/1,,1/1,,,,,1/1,1/1,,,,,,,,,,1/1,,,,1/1,1/1,,,,1/1,,,,1/1,1/1,,,,1/1,,,1/1,,,,1/1,1/1,1/1,,,1/1,,1/1,,,,,,,,,1/1,,,
Thresh,,,,1/1,,,,1/1,,1/1,,,,,,1/1,,,,,,1/1,,,1/1,,,,1/1,,,,,,1/1,,,,,1/1,1/1,,1/1,,,,1/1,,1/1,,1/1,,,,,1/1,,,1/1,1/1,1/1,,,,,,,1/1,,,1/1,,,,1/1,1/1,1/1,,,,,,,,,,,,,,,,,,,,,,,,1/1,,,,,,,,,,,,,,,,,,1/1,1/1,,1/1,,,,,,,1/1,,1/1,,1/1,,,1/1,1/1,,,,,,,,1/1,,,1/1,,,,,,,,,,,
Tristana,,1/1,,,,1/1,,,,,,,,1/1,,1/1,,,,,,1/1,,,,,1/1,,,,1/1,,,,1/1,,,1/1,,1/1,,,1/1,,,,1/1,,,,,,,,,,,,,,,,,,1/1,,,,,,,,,,,,,1/1,1/1,,,1/1,,1/1,,,,1/1,,1/1,,,,,,,,,,,,1/1,,1/1,1/1,,,1/1,,,,1/1,,,1/1,,,1/1,,,1/1,,,1/1,,1/1,,,1/1,,,,1/1,,,,,,,,,,,1/1,,,,,1/1,1/1,,1/1,,,,1/1,,,
Trundle,1/1,,1/1,,,,,,,1/1,1/1,,,,,,1/1,1/1,,,,1/1,1/1,,1/1,,,,1/1,,,,,,,,,,,,,,1/1,,,,,,1/1,,1/1,,,,1/1,,,,1/1,,,,,,,1/1,1/1,,,,1/1,1/1,1/1,,,1/1,,,,1/1,1/1,,,,,,,1/1,1/1,1/1,1/1,1/1,1/1,,,1/1,,1/1,1/1,,1/1,1/1,,1/1,,,1/1,,1/1,,,1/1,,,,,,,,1/1,,,,,,1/1,1/1,1/1,,,1/1,,,,1/1,1/1,,1/1,1/1,,,,1/1,,1/1,,1/1,,1/1,,1/1,,,1/1,,,,,
Tryndamere,,1/1,,,,,,,,1/1,,,,,,,1/1,,,,,,1/1,,1/1,,,,1/1,,,,,,,,,,,,,,1/1,,,,,,,,,,1/1,,,,1/1,,,1/1,,,,,,,,,1/1,,1/1,,,,,,1/1,1/1,,,,,,,1/1,,,1/1,,,,,1/1,,,,,,,,,,,,,,,,,1/1,,,,,,,1/1,,,,,1/1,,,,,,,,,,,1/1,,,1/1,,,,1/1,,,,,,,,1/1,1/1,,,1/1,,1/1,,,1/1,,
Twitch,1/1,,,,,,,,,1/1,1/1,1/1,1/1,1/1,,,,,,1/1,,,1/1,1/1,1/1,,,,,,,,,1/1,1/1,,,1/1,,,1/1,,1/1,,,,1/1,,,,,,,,,1/1,,,1/1,1/1,,,,,1/1,,1/1,,,,1/1,,1/1,,,,,,,,1/1,,,,,,,,,,,1/1,,,,,,,,1/1,1/1,,,,,,,,,,1/1,,1/1,1/1,,,,1/1,1/1,,,,,1/1,1/1,,1/1,,1/1,,,,1/1,,,,,,,,,1/1,1/1,,,,1/1,,1/1,1/1,1/1,1/1,,1/1,,,,1/1,
TwistedFate,,,,1/1,,,,,,1/1,1/1,,1/1,,,1/1,,,,,,1/1,1/1,,1/1,,,,1/1,,,,,,1/1,,,,,,,,,,1/1,,,,,,,,,,,,1/1,,,,,,,,,1/1,,,,,,,,,,1/1,,,,,,,,,,,,,,,,1/1,,,,,,,,,,,,,,,,,,,,,,,,,,,,,,1/1,,,,,,,,,,,,1/1,,,,,,,,,,,,,,1/1,,,,,,,,,,,
Udyr,,,1/1,,1/1,1/1,1/1,,,1/1,,,,,,1/1,,1/1,,,1/1,1/1,,,1/1,,1/1,,1/1,1/1,,,,1/1,1/1,,1/1,1/1,,,1/1,,1/1,,1/1,,1/1,1/1,1/1,,,1/1,1/1,1/1,,1/1,,1/1,,,,,1/1,,,,,,1/1,,,1/1,1/1,,,1/1,,1/1,1/1,,,1/1,1/1,,,,,,,,,1/1,,,1/1,1/1,,1/1,,,1/1,,,1/1,1/1,1/1,1/1,,,,1/1,,,1/1,1/1,,1/1,,1/1,1/1,,,,,,1/1,1/1,1/1,,1/1,1/1,,,,1/1,1/1,,,,,1/1,,,,1/1,,,,1/1,1/1,,,,,,1/1,1/1,,
Urgot,,,,,,,,,,1/1,,,1/1,,,,,,,,,,1/1,,,1/1,,,1/1,,,,,,,,,,,,,,,1/1,,1/1,,,1/1,,1/1,,1/1,,1/1,,,,,,,,,,,1/1,,,,,1/1,,,1/1,,,,,,,,,,,,,,,,,,1/1,,,,,,,,1/1,,,,,,,1/1,,,,,,,,,,,,,,,,1/1,,,,,,,,,1/1,,,,,1/1,,,,,,,,,,1/1,,1/1,,,1/1,,,,,,,
Varus,1/1,1/1,,,,,,,,,,,,,,,1/1,,,,,,,,,,,,,,,,,,,,,,,,,,,,,,,1/1,,,,,1/1,,,,1/1,1/1,,,,,,,,,,,,,1/1,,,,,,1/1,,,1/1,1/1,,,,,,1/1,,1/1,,,,1/1,,,,,,,,1/1,,,,,,,,,,,1/1,,,,,1/1,,1/1,,1/1,,,,,,,,1/1,,,,1/1,,,,,,,,1/1,,,,,,,,,,,1/1,,,,,,,
Vayne,,1/1,1/1,,,,,,,,,,1/1,1/1,,,1/1,1/1,1/1,,,1/1,,,,,,,1/1,,,,,1/1,,,,1/1,1/1,1/1,1/1,,,,,,,,,,,,1/1,,,1/1,1/1,,,,,,,1/1,,1/1,,,,1/1,,,1/1,1/1,,,,1/1,1/1,,,,1/1,1/1,,,,1/1,1/1,,,,,1/1,,1/1,,,1/1,,1/1,,,1/1,,,1/1,1/1,,,,,,,,,,,1/1,1/1,,1/1,,1/1,,1/1,1/1,,1/1,1/1,,,1/1,,,,1/1,,,,1/1,,,1/1,,,1/1,,1/1,,,,1/1,,,,1/1,,
Veigar,1/1,,,1/1,,,1/1,,,,,,1/1,,,,,,,,,1/1,,,1/1,,,,,,,,,1/1,,,,,,,1/1,,1/1,1/1,,,1/1,,1/1,,1/1,,,,,,,,,1/1,,,,,,,,,1/1,1/1,,,,1/1,1/1,1/1,,1/1,,,,,,,,,,,,,1/1,1/1,,,,1/1,1/1,,1/1,,,,,,,,1/1,,,,,,,,1/1,,,1/1,,,,1/1,1/1,,1/1,,1/1,,,,,,,1/1,,1/1,,1/1,,,1/1,,,1/1,1/1,,,,,,,1/1,,,,,,,
Velkoz,,,,,,,,,,,,,1/1,,,,,,,,,,,,,,,,,,,,,1/1,,1/1,,,,,,,,,,,,,,,1/1,,,,,,,,,,,,,,,,,,,,,1/1,,,1/1,1/1,,,,,,,,,,,,,1/1,1/1,,,,,,,,,,,,,,1/1,,,,,1/1,,,,,,,,,,,,,,,,,,,,1/1,,,,,,,,1/1,,,,,,,,,,,1/1,,,,,,,,,,,
Vex,,,1/1,1/1,,1/1,,,,1/1,,,,,,,1/1,,,,,,,,1/1,1/1,,,1/1,,,,,,1/1,1/1,,,,,,,,,1/1,,1/1,,,,1/1,,,,,,,,,,,,,,,,,,,,1/1,,,,1/1,,,,,1/1,,,,,,,,,,,,1/1,,,1/1,1/1,,,,,,,,,,,,,,,,,,,1/1,,,,1/1,,1/1,,,,,,,,1/1,,,,,,,,,,,,,,,,,,,,1/1,,,,,,,,,,
Vi,,,,,,,,,,,,,,,,,,,,,,,,,,,,,1/1,,,,,,1/1,,,,,,,,,,,,,,,,,,,1/1,,,,,,1/1,,,,,,,,,,,,,,,,1/1,,1/1,,,1/1,,,,,,,,,,,,,,,,,,,1/1,,,,1/1,,,,1/1,,,,,,,1/1,,,,,,,,,,,1/1,,,,1/1,,,,,,,,,,,,,,,,,1/1,,,,,,,,,,,,
Viego,1/1,,,,,,1/1,,,1/1,1/1,,,,,,1/1,1/1,,,,1/1,,,,,,,,,1/1,1/1,,,,,,1/1,,,,,1/1,,,,1/1,,,,1/1,,1/1,,,,,,,,,,1/1,,,,,,,1/1,1/1,,,,,1/1,,,,,,,1/1,,1/1,,,,1/1,,,,,,,,,1/1,1/1,,,,,,1/1,,,1/1,,,,,1/1,,1/1,1/1,,1/1,1/1,,,1/1,,1/1,,1/1,,,,,,,1/1,,1/1,1/1,1/1,,,,,1/1,,,,,,,,,,1/1,,,,,,,
Viktor,1/1,,,,1/1,1/1,,,,,,1/1,,,,,,,,,,,,,,,,,1/1,,,,,1/1,,,,1/1,,1/1,,,,,,,,,,,1/1,,,,,1/1,,,,1/1,,,,,1/1,,1/1,,1/1,,1/1,,,,1/1,1/1,,,,1/1,1/1,,,,1/1,,,,,,,1/1,,1/1,,,,1/1,,,,,,,1/1,,,,,,1/1,,,,,,,1/1,,,,,,,,1/1,,,,,1/1,,,,,,,,,,1/1,,,,,,,1/1,,1/1,1/1,,,1/1,,,1/1,,
Vladimir,1/1,,,,,,,,,,,,,1/1,,,,,,,,,,,1/1,,,,1/1,,,,,,1/1,,,1/1,,,1/1,,1/1,,1/1,,,,1/1,,,,,1/1,,,,,,,,,,,1/1,1/1,,,,,1/1,,,,,1/1,,,,,,,,,,,,,1/1,,,1/1,,,,,,,,,,,,,1/1,1/1,,,,,1/1,,,,,,,,,,,1/1,,,,,,,1/1,,1/1,,,,,,,,,,,,,,,,,1/1,,,,,,,,,,,
Volibear,,1/1,1/1,1/1,,,1/1,,1/1,1/1,,1/1,,1/1,,1/1,,,,,,,,,,,,,1/1,1/1,,,1/1,,1/1,,,,,1/1,,,1/1,,,,,,,,,,,,,,1/1,,,,,,,,,1/1,,,,,1/1,1/1,,,,,,,,1/1,1/1,,,,,,,,,,,1/1,,,,1/1,,,,1/1,,1/1,,,,,,,,,,,,,1/1,,,,,,,,,,1/1,,,1/1,,,,,,,,1/1,1/1,,,,,,,,,1/1,,,1/1,,,,,,,,1/1,,
Warwick,,1/1,,,1/1,,,,,,,1/1,,1/1,,1/1,1/1,,,,,,1/1,,1/1,,,,,,,,,,1/1,,,1/1,,1/1,,1/1,,,,,,,1/1,1/1,1/1,1/1,,,,,,,,1/1,,,,,,1/1,,,,,1/1,,,,,1/1,,1/1,,,,,,,,,,,,,,1/1,,,,,,1/1,,1/1,,,,1/1,,,,,1/1,,,,,,,,,,,,,,,,,1/1,1/1,,1/1,,,,1/1,,,,1/1,,,,,,,,,,,,1/1,1/1,1/1,,,1/1,,,1/1,,1/1
Xayah,1/1,,,,,,,,,,,,,,,,,,,,,,,,,,,,1/1,,,,,,,,,,,,,,,,,,,,,,,,,,,,,1/1,,,,,,,,1/1,,,,,,,,,,,,,,,1/1,,,,,,,1/1,,,,,,,,,,,,1/1,,,,,,,,,,,,,,,,,,1/1,1/1,,,,,,,,,,,,,,,,,,,,,,,,,1/1,,,,,,,,,,,,,,,
Xerath,1/1,,,,,,,,,,,,1/1,1/1,,1/1,1/1,,,,,,,,1/1,,,,1/1,,,,,,,,,,,,,,1/1,,,,1/1,,1/1,,,,1/1,1/1,,,,,,,,,,,,,,,,,1/1,,,,,1/1,,,,,,,,,,1/1,,,1/1,1/1,,,,,,,,,1/1,1/1,,,,1/1,1/1,,,,,,1/1,1/1,,,,,,,,1/1,,,,,,1/1,,,1/1,,1/1,,,1/1,,1/1,,,,1/1,,,,,,,,,,,,,,,1/1,,,,
XinZhao,,,,1/1,1/1,,1/1,,1/1,1/1,1/1,,,,,,,,,,,,,,1/1,,,,1/1,1/1,,1/1,,,,1/1,,,,,1/1,,,,1/1,,,1/1,,,1/1,,,,,,,1/1,,,,,,,,,,,1/1,,1/1,,,,,1/1,,1/1,1/1,,,,,,1/1,,,,,,,,1/1,1/1,,,,1/1,,,,,,1/1,1/1,,,1/1,1/1,,,,,,1/1,,,,,1/1,,1/1,,,,,1/1,,,1/1,,1/1,,,,,,1/1,,,,1/1,1/1,,,,,,,1/1,,,,,1/1,,,,
Yasuo,,,1/1,,1/1,,,1/1,,1/1,1/1,,1/1,,1/1,1/1,1/1,1/1,,1/1,,1/1,1/1,,1/1,,,,1/1,,1/1,,,1/1,,,1/1,1/1,1/1,,1/1,1/1,1/1,,1/1,,1/1,,1/1,1/1,,1/1,,1/1,,,,1/1,,,1/1,,,,1/1,,1/1,,,1/1,1/1,,,,1/1,1/1,1/1,1/1,1/1,,1/1,,,1/1,1/1,,1/1,,1/1,,1/1,1/1,,1/1,1/1,1/1,,1/1,1/1,,1/1,1/1,1/1,,1/1,1/1,,,,1/1,,1/1,,,,,1/1,1/1,1/1,1/1,,,,,1/1,,,1/1,1/1,1/1,1/1,,1/1,1/1,,1/1,,,1/1,,,,,1/1,1/1,,,,,,1/1,1/1,,,,,,1/1,1/1
Yone,1/1,1/1,,,,,,,,1/1,,,1/1,,,,1/1,1/1,,,,1/1,,,1/1,,,,1/1,,,1/1,,,,,1/1,,,1/1,,1/1,,,1/1,,1/1,,1/1,,1/1,,,1/1,,,,,,,,,,,1/1,1/1,1/1,1/1,1/1,,1/1,,,,1/1,1/1,,1/1,,1/1,,1/1,,1/1,,,,,,,,1/1,,,,,,,1/1,1/1,,,,,1/1,1/1,,1/1,1/1,1/1,,,,1/1,1/1,,,,1/1,1/1,,1/1,,,,,,1/1,,,1/1,,1/1,,,,,,,,,1/1,,,1/1,,,1/1,,,,1/1,,,,1/1,1/1,,
Yorick,,,,,,1/1,,,,1/1,,1/1,1/1,,,,1/1,,,,,,,,,,,,1/1,,,1/1,,,,,,,,,,,,,1/1,,,,1/1,,,,,1/1,1/1,1/1,,,,1/1,,,,1/1,,,,,,,,,,,,1/1,,,,,,,1/1,,,,,,,1/1,,1/1,,,,,,,,1/1,1/1,,,,,,,,,,,,,,,,1/1,,,1/1,,,,,,,,,1/1,,1/1,,,,,,,,,,,1/1,,,1/1,,,,1/1,,,,,1/1,,,,1/1,
Yuumi,,,1/1,,,1/1,,,,1/1,1/1,,1/1,,,,,,,,,,,,1/1,,,,,,,,,1/1,1/1,,1/1,1/1,,,,,1/1,1/1,,,1/1,1/1,1/1,,,,,1/1,1/1,,,,,,,,,1/1,,,1/1,,,,,,,1/1,,1/1,1/1,,,,,,,,1/1,1/1,,,1/1,,,,,,,1/1,,,,1/1,1/1,1/1,1/1,,,,,1/1,,1/1,,1/1,1/1,1/1,,,,,1/1,1/1,1/1,1/1,,1/1,,,,1/1,,1/1,1/1,,,1/1,1/1,,1/1,,,,1/1,,,,,,,,1/1,1/1,,,1/1,,1/1,,,1/1,
Zac,1/1,,,,,,,,,,,1/1,,,,,,,1/1,,,,,,,,,,,,,,,,,,,,,,,,,,,,1/1,,1/1,,,,,,,1/1,,,,,,,,,,,,,1/1,,1/1,,,,,1/1,1/1,,,,,,,,,,,,,1/1,,,,,,,,,,1/1,,1/1,,,,,1/1,1/1,,,,1/1,,,1/1,,,,1/1,,,,1/1,,,,,,,,,,,,,1/1,,,,,,,,,,,,,,,,1/1,,,,,1/1,,
Zed,1/1,,,,,,,,,1/1,,1/1,,,,,1/1,,,,,,,,,,,,,,,,,,,,,,,,,,,,,,1/1,,,,,,,1/1,,,,,,,,,,,,,,,,,,,,,,1/1,,,,,,1/1,,,,1/1,,,,,,,,,,,,1/1,1/1,,,,,,,,,,,1/1,1/1,,,,1/1,,,1/1,,,,,,,,,,,1/1,1/1,1/1,,,,,,,,,,,1/1,,,1/1,,,,,,1/1,,,,,,1/1,,
Zeri,,,,,,,,,,,,,,,,,,,,,,,,,,,,,,,,,,,,,,,,,,,,,,,1/1,,,,,,1/1,,,,,1/1,,,,,,,1/1,,,,,,,,,,,1/1,,,,,,,,,,1/1,,,1/1,,,,,,,,,1/1,1/1,,,,1/1,,,,,,,,,,,1/1,,,1/1,,,,,,,,,,,,,,,,,,,,,,,,,,,,,,1/1,1/1,,,,1/1,,,,,,,
Ziggs,,,,,,,,,,,,,,,,,,1/1,,,,,,,,,,,,,,,,,,,,,,,,,,,,,,,,,,,,,,,,,,,,,,,,,,,,,,,,,1/1,,,,,,,1/1,,,,,,,,,,,,,,,,,,1/1,,,,,,,,,,,,,,,,,,,,,,,,,,1/1,,1/1,,,,,1/1,,,,,,,,,,,,,,,,,1/1,,,,,,,,,
Zilean,,,1/1,,,,,,,1/1,,,,1/1,,,,,,,,,,,1/1,,,,,,,,,,,,,1/1,,1/1,,,,,,,1/1,,,,1/1,,,,,,,,,,,,,,,,,,,,1/1,,,,1/1,1/1,,,,,,,,,,,,,,,,,,,,,,,,1/1,,,,,,,,,,1/1,,,,,1/1,,,,1/1,,,,,,,,,,,1/1,,,1/1,,,1/1,,,,,,1/1,,1/1,1/1,,,,,1/1,,,1/1,1/1,,,,,
Zoe,,,1/1,,,,,,,,,,1/1,,,,1/1,1/1,,,,1/1,,,1/1,,,,1/1,,,,,,,,,1/1,,,,,,,,,,,,,,,,,,,,,,,,,,1/1,,,1/1,,,,,,,,,,,,,,,,,,,1/1,1/1,,,,,,,,,,,,1/1,1/1,,,,1/1,,,,,,,,,1/1,1/1,,,,,,,,,,,,,,,,,1/1,,,,,,,,,,,,,,,,,,1/1,,1/1,1/1,,,,,,,1/1
Zyra,,,,,,,1/1,,,,,,1/1,,,,,,,,,,1/1,,1/1,,,,1/1,,,,,,,,,,,,,,,,,1/1,,,,,1/1,,,,,,,1/1,,,,,,1/1,,,1/1,,,,,,1/1,,,,,,1/1,,,,,,,,,,,,,,,,,1/1,,,,1/1,1/1,,,,,,,,,1/1,,,,,1/1,,,,,1/1,,,,,,,,,,,,,,,,,,,,,,,,,1/1,,,,1/1,,,,,,,,,1/1,
